BranchID,BranchName,City,Zone,Region
BR0001,HDFC Branch 1,Hyderabad,North,Central
BR0002,HDFC Branch 2,Delhi,South,South
BR0003,HDFC Branch 3,Surat,West,North
BR0004,HDFC Branch 4,Chennai,West,West
BR0005,HDFC Branch 5,Pune,West,North
BR0006,HDFC Branch 6,Pune,East,South
BR0007,HDFC Branch 7,Hyderabad,Central,North
BR0008,HDFC Branch 8,Hyderabad,East,Central
BR0009,HDFC Branch 9,Delhi,North,Central
BR0010,HDFC Branch 10,Surat,East,North
BR0011,HDFC Branch 11,Chennai,Central,East
BR0012,HDFC Branch 12,Hyderabad,South,Central
BR0013,HDFC Branch 13,Ahmedabad,North,Central
BR0014,HDFC Branch 14,Surat,East,West
BR0015,HDFC Branch 15,Chennai,North,West
BR0016,HDFC Branch 16,Mumbai,East,Central
BR0017,HDFC Branch 17,Mumbai,East,South
BR0018,HDFC Branch 18,Ahmedabad,Central,South
BR0019,HDFC Branch 19,Hyderabad,West,Central
BR0020,HDFC Branch 20,Chennai,South,East
BR0021,HDFC Branch 21,Delhi,Central,North
BR0022,HDFC Branch 22,Ahmedabad,Central,North
BR0023,HDFC Branch 23,Hyderabad,South,West
BR0024,HDFC Branch 24,Hyderabad,South,Central
BR0025,HDFC Branch 25,Delhi,South,East
BR0026,HDFC Branch 26,Ahmedabad,Central,South
BR0027,HDFC Branch 27,Pune,North,West
BR0028,HDFC Branch 28,Hyderabad,Central,North
BR0029,HDFC Branch 29,Mumbai,East,Central
BR0030,HDFC Branch 30,Chennai,Central,East
BR0031,HDFC Branch 31,Pune,West,South
BR0032,HDFC Branch 32,Delhi,West,West
BR0033,HDFC Branch 33,Delhi,East,West
BR0034,HDFC Branch 34,Hyderabad,Central,South
BR0035,HDFC Branch 35,Bengaluru,West,South
BR0036,HDFC Branch 36,Ahmedabad,East,West
BR0037,HDFC Branch 37,Ahmedabad,Central,Central
BR0038,HDFC Branch 38,Hyderabad,South,South
BR0039,HDFC Branch 39,Bengaluru,North,North
BR0040,HDFC Branch 40,Ahmedabad,West,Central
BR0041,HDFC Branch 41,Pune,East,West
BR0042,HDFC Branch 42,Bengaluru,East,West
BR0043,HDFC Branch 43,Ahmedabad,North,North
BR0044,HDFC Branch 44,Mumbai,South,East
BR0045,HDFC Branch 45,Ahmedabad,West,Central
BR0046,HDFC Branch 46,Surat,East,Central
BR0047,HDFC Branch 47,Chennai,East,North
BR0048,HDFC Branch 48,Chennai,East,East
BR0049,HDFC Branch 49,Delhi,Central,West
BR0050,HDFC Branch 50,Chennai,West,South
BR0051,HDFC Branch 51,Surat,Central,Central
BR0052,HDFC Branch 52,Hyderabad,North,East
BR0053,HDFC Branch 53,Pune,East,South
BR0054,HDFC Branch 54,Pune,East,South
BR0055,HDFC Branch 55,Ahmedabad,North,West
BR0056,HDFC Branch 56,Pune,East,South
BR0057,HDFC Branch 57,Ahmedabad,North,Central
BR0058,HDFC Branch 58,Surat,East,South
BR0059,HDFC Branch 59,Ahmedabad,North,West
BR0060,HDFC Branch 60,Ahmedabad,Central,North
BR0061,HDFC Branch 61,Chennai,North,East
BR0062,HDFC Branch 62,Hyderabad,Central,East
BR0063,HDFC Branch 63,Bengaluru,South,South
BR0064,HDFC Branch 64,Delhi,Central,Central
BR0065,HDFC Branch 65,Delhi,Central,Central
BR0066,HDFC Branch 66,Delhi,South,Central
BR0067,HDFC Branch 67,Hyderabad,North,Central
BR0068,HDFC Branch 68,Hyderabad,South,North
BR0069,HDFC Branch 69,Mumbai,North,East
BR0070,HDFC Branch 70,Surat,East,Central
BR0071,HDFC Branch 71,Pune,East,Central
BR0072,HDFC Branch 72,Ahmedabad,North,South
BR0073,HDFC Branch 73,Bengaluru,East,Central
BR0074,HDFC Branch 74,Hyderabad,Central,Central
BR0075,HDFC Branch 75,Hyderabad,Central,Central
BR0076,HDFC Branch 76,Delhi,South,East
BR0077,HDFC Branch 77,Hyderabad,East,North
BR0078,HDFC Branch 78,Ahmedabad,North,North
BR0079,HDFC Branch 79,Bengaluru,North,North
BR0080,HDFC Branch 80,Delhi,East,Central
BR0081,HDFC Branch 81,Pune,West,East
BR0082,HDFC Branch 82,Surat,Central,North
BR0083,HDFC Branch 83,Pune,South,Central
BR0084,HDFC Branch 84,Pune,West,North
BR0085,HDFC Branch 85,Pune,North,East
BR0086,HDFC Branch 86,Surat,Central,West
BR0087,HDFC Branch 87,Pune,Central,West
BR0088,HDFC Branch 88,Pune,West,West
BR0089,HDFC Branch 89,Delhi,West,Central
BR0090,HDFC Branch 90,Pune,North,North
BR0091,HDFC Branch 91,Surat,West,East
BR0092,HDFC Branch 92,Pune,Central,East
BR0093,HDFC Branch 93,Chennai,Central,North
BR0094,HDFC Branch 94,Surat,East,North
BR0095,HDFC Branch 95,Bengaluru,South,East
BR0096,HDFC Branch 96,Surat,East,West
BR0097,HDFC Branch 97,Bengaluru,East,North
BR0098,HDFC Branch 98,Surat,North,North
BR0099,HDFC Branch 99,Hyderabad,East,West
BR0100,HDFC Branch 100,Hyderabad,South,North
BR0101,HDFC Branch 101,Mumbai,North,West
BR0102,HDFC Branch 102,Pune,North,Central
BR0103,HDFC Branch 103,Mumbai,Central,North
BR0104,HDFC Branch 104,Mumbai,West,Central
BR0105,HDFC Branch 105,Bengaluru,North,West
BR0106,HDFC Branch 106,Hyderabad,Central,South
BR0107,HDFC Branch 107,Pune,Central,East
BR0108,HDFC Branch 108,Pune,Central,East
BR0109,HDFC Branch 109,Mumbai,North,North
BR0110,HDFC Branch 110,Hyderabad,North,West
BR0111,HDFC Branch 111,Ahmedabad,East,South
BR0112,HDFC Branch 112,Delhi,West,West
BR0113,HDFC Branch 113,Bengaluru,North,Central
BR0114,HDFC Branch 114,Pune,Central,West
BR0115,HDFC Branch 115,Surat,West,East
BR0116,HDFC Branch 116,Surat,East,South
BR0117,HDFC Branch 117,Delhi,Central,East
BR0118,HDFC Branch 118,Pune,South,South
BR0119,HDFC Branch 119,Chennai,South,West
BR0120,HDFC Branch 120,Chennai,Central,East
BR0121,HDFC Branch 121,Delhi,South,West
BR0122,HDFC Branch 122,Delhi,South,West
BR0123,HDFC Branch 123,Bengaluru,East,East
BR0124,HDFC Branch 124,Delhi,West,North
BR0125,HDFC Branch 125,Hyderabad,North,Central
BR0126,HDFC Branch 126,Pune,South,Central
BR0127,HDFC Branch 127,Pune,Central,East
BR0128,HDFC Branch 128,Ahmedabad,North,Central
BR0129,HDFC Branch 129,Delhi,East,West
BR0130,HDFC Branch 130,Pune,East,South
BR0131,HDFC Branch 131,Ahmedabad,West,West
BR0132,HDFC Branch 132,Mumbai,South,North
BR0133,HDFC Branch 133,Mumbai,North,South
BR0134,HDFC Branch 134,Chennai,North,North
BR0135,HDFC Branch 135,Pune,Central,Central
BR0136,HDFC Branch 136,Hyderabad,North,West
BR0137,HDFC Branch 137,Hyderabad,East,West
BR0138,HDFC Branch 138,Bengaluru,South,East
BR0139,HDFC Branch 139,Mumbai,South,North
BR0140,HDFC Branch 140,Hyderabad,East,North
BR0141,HDFC Branch 141,Pune,East,West
BR0142,HDFC Branch 142,Bengaluru,North,South
BR0143,HDFC Branch 143,Delhi,Central,East
BR0144,HDFC Branch 144,Delhi,South,Central
BR0145,HDFC Branch 145,Hyderabad,East,East
BR0146,HDFC Branch 146,Bengaluru,East,West
BR0147,HDFC Branch 147,Ahmedabad,Central,South
BR0148,HDFC Branch 148,Chennai,Central,South
BR0149,HDFC Branch 149,Chennai,Central,Central
BR0150,HDFC Branch 150,Bengaluru,West,West
BR0151,HDFC Branch 151,Chennai,South,West
BR0152,HDFC Branch 152,Bengaluru,South,South
BR0153,HDFC Branch 153,Delhi,North,South
BR0154,HDFC Branch 154,Pune,South,South
BR0155,HDFC Branch 155,Hyderabad,North,North
BR0156,HDFC Branch 156,Surat,East,North
BR0157,HDFC Branch 157,Mumbai,Central,Central
BR0158,HDFC Branch 158,Hyderabad,East,Central
BR0159,HDFC Branch 159,Bengaluru,West,North
BR0160,HDFC Branch 160,Delhi,South,North
BR0161,HDFC Branch 161,Delhi,Central,North
BR0162,HDFC Branch 162,Surat,North,South
BR0163,HDFC Branch 163,Surat,West,West
BR0164,HDFC Branch 164,Bengaluru,West,South
BR0165,HDFC Branch 165,Mumbai,West,North
BR0166,HDFC Branch 166,Ahmedabad,Central,North
BR0167,HDFC Branch 167,Delhi,South,North
BR0168,HDFC Branch 168,Chennai,South,West
BR0169,HDFC Branch 169,Chennai,East,North
BR0170,HDFC Branch 170,Mumbai,Central,South
BR0171,HDFC Branch 171,Delhi,South,Central
BR0172,HDFC Branch 172,Chennai,South,South
BR0173,HDFC Branch 173,Ahmedabad,North,North
BR0174,HDFC Branch 174,Mumbai,West,North
BR0175,HDFC Branch 175,Pune,North,West
BR0176,HDFC Branch 176,Mumbai,West,South
BR0177,HDFC Branch 177,Chennai,East,West
BR0178,HDFC Branch 178,Delhi,East,South
BR0179,HDFC Branch 179,Surat,East,Central
BR0180,HDFC Branch 180,Bengaluru,West,South
BR0181,HDFC Branch 181,Chennai,South,South
BR0182,HDFC Branch 182,Mumbai,Central,Central
BR0183,HDFC Branch 183,Surat,South,South
BR0184,HDFC Branch 184,Bengaluru,Central,West
BR0185,HDFC Branch 185,Hyderabad,South,West
BR0186,HDFC Branch 186,Surat,West,East
BR0187,HDFC Branch 187,Chennai,East,South
BR0188,HDFC Branch 188,Delhi,West,West
BR0189,HDFC Branch 189,Surat,North,South
BR0190,HDFC Branch 190,Ahmedabad,North,North
BR0191,HDFC Branch 191,Delhi,East,West
BR0192,HDFC Branch 192,Chennai,Central,North
BR0193,HDFC Branch 193,Hyderabad,North,Central
BR0194,HDFC Branch 194,Bengaluru,Central,South
BR0195,HDFC Branch 195,Surat,Central,Central
BR0196,HDFC Branch 196,Hyderabad,Central,North
BR0197,HDFC Branch 197,Bengaluru,North,North
BR0198,HDFC Branch 198,Delhi,Central,South
BR0199,HDFC Branch 199,Pune,East,South
BR0200,HDFC Branch 200,Delhi,North,East
BR0201,HDFC Branch 201,Surat,West,South
BR0202,HDFC Branch 202,Pune,West,West
BR0203,HDFC Branch 203,Chennai,South,West
BR0204,HDFC Branch 204,Ahmedabad,North,North
BR0205,HDFC Branch 205,Surat,North,West
BR0206,HDFC Branch 206,Bengaluru,West,East
BR0207,HDFC Branch 207,Bengaluru,Central,Central
BR0208,HDFC Branch 208,Chennai,West,Central
BR0209,HDFC Branch 209,Pune,North,West
BR0210,HDFC Branch 210,Delhi,East,North
BR0211,HDFC Branch 211,Ahmedabad,South,South
BR0212,HDFC Branch 212,Pune,West,East
BR0213,HDFC Branch 213,Hyderabad,East,South
BR0214,HDFC Branch 214,Hyderabad,West,South
BR0215,HDFC Branch 215,Surat,South,South
BR0216,HDFC Branch 216,Delhi,East,South
BR0217,HDFC Branch 217,Delhi,Central,East
BR0218,HDFC Branch 218,Bengaluru,Central,South
BR0219,HDFC Branch 219,Delhi,East,North
BR0220,HDFC Branch 220,Hyderabad,South,Central
BR0221,HDFC Branch 221,Bengaluru,South,North
BR0222,HDFC Branch 222,Mumbai,Central,North
BR0223,HDFC Branch 223,Surat,South,Central
BR0224,HDFC Branch 224,Chennai,East,North
BR0225,HDFC Branch 225,Hyderabad,South,Central
BR0226,HDFC Branch 226,Pune,South,North
BR0227,HDFC Branch 227,Pune,East,South
BR0228,HDFC Branch 228,Mumbai,North,South
BR0229,HDFC Branch 229,Hyderabad,North,Central
BR0230,HDFC Branch 230,Delhi,West,Central
BR0231,HDFC Branch 231,Ahmedabad,East,South
BR0232,HDFC Branch 232,Bengaluru,South,Central
BR0233,HDFC Branch 233,Pune,North,South
BR0234,HDFC Branch 234,Bengaluru,Central,North
BR0235,HDFC Branch 235,Ahmedabad,West,North
BR0236,HDFC Branch 236,Bengaluru,Central,North
BR0237,HDFC Branch 237,Hyderabad,Central,North
BR0238,HDFC Branch 238,Hyderabad,Central,North
BR0239,HDFC Branch 239,Surat,North,Central
BR0240,HDFC Branch 240,Bengaluru,East,West
BR0241,HDFC Branch 241,Ahmedabad,South,Central
BR0242,HDFC Branch 242,Delhi,West,Central
BR0243,HDFC Branch 243,Pune,Central,Central
BR0244,HDFC Branch 244,Chennai,East,Central
BR0245,HDFC Branch 245,Bengaluru,North,South
BR0246,HDFC Branch 246,Surat,West,West
BR0247,HDFC Branch 247,Mumbai,North,North
BR0248,HDFC Branch 248,Ahmedabad,West,North
BR0249,HDFC Branch 249,Mumbai,West,East
BR0250,HDFC Branch 250,Hyderabad,North,East
BR0251,HDFC Branch 251,Ahmedabad,North,West
BR0252,HDFC Branch 252,Hyderabad,North,South
BR0253,HDFC Branch 253,Chennai,Central,South
BR0254,HDFC Branch 254,Mumbai,East,South
BR0255,HDFC Branch 255,Surat,Central,East
BR0256,HDFC Branch 256,Surat,East,West
BR0257,HDFC Branch 257,Bengaluru,North,Central
BR0258,HDFC Branch 258,Bengaluru,North,West
BR0259,HDFC Branch 259,Pune,West,West
BR0260,HDFC Branch 260,Surat,West,North
BR0261,HDFC Branch 261,Hyderabad,East,West
BR0262,HDFC Branch 262,Chennai,Central,North
BR0263,HDFC Branch 263,Ahmedabad,West,Central
BR0264,HDFC Branch 264,Ahmedabad,Central,North
BR0265,HDFC Branch 265,Surat,North,North
BR0266,HDFC Branch 266,Surat,East,North
BR0267,HDFC Branch 267,Chennai,West,North
BR0268,HDFC Branch 268,Surat,North,West
BR0269,HDFC Branch 269,Bengaluru,South,East
BR0270,HDFC Branch 270,Pune,West,East
BR0271,HDFC Branch 271,Hyderabad,North,South
BR0272,HDFC Branch 272,Mumbai,South,Central
BR0273,HDFC Branch 273,Ahmedabad,East,South
BR0274,HDFC Branch 274,Bengaluru,East,East
BR0275,HDFC Branch 275,Mumbai,West,South
BR0276,HDFC Branch 276,Mumbai,Central,Central
BR0277,HDFC Branch 277,Chennai,Central,East
BR0278,HDFC Branch 278,Delhi,North,North
BR0279,HDFC Branch 279,Mumbai,East,East
BR0280,HDFC Branch 280,Pune,Central,South
BR0281,HDFC Branch 281,Delhi,West,North
BR0282,HDFC Branch 282,Ahmedabad,East,East
BR0283,HDFC Branch 283,Hyderabad,Central,North
BR0284,HDFC Branch 284,Surat,South,North
BR0285,HDFC Branch 285,Delhi,West,South
BR0286,HDFC Branch 286,Surat,North,Central
BR0287,HDFC Branch 287,Delhi,East,East
BR0288,HDFC Branch 288,Chennai,South,East
BR0289,HDFC Branch 289,Pune,South,South
BR0290,HDFC Branch 290,Chennai,Central,West
BR0291,HDFC Branch 291,Mumbai,East,East
BR0292,HDFC Branch 292,Delhi,West,South
BR0293,HDFC Branch 293,Hyderabad,Central,West
BR0294,HDFC Branch 294,Surat,West,North
BR0295,HDFC Branch 295,Hyderabad,North,West
BR0296,HDFC Branch 296,Ahmedabad,Central,East
BR0297,HDFC Branch 297,Mumbai,West,North
BR0298,HDFC Branch 298,Hyderabad,North,West
BR0299,HDFC Branch 299,Delhi,South,South
BR0300,HDFC Branch 300,Ahmedabad,Central,West
BR0301,HDFC Branch 301,Ahmedabad,East,South
BR0302,HDFC Branch 302,Delhi,West,North
BR0303,HDFC Branch 303,Surat,North,North
BR0304,HDFC Branch 304,Chennai,West,West
BR0305,HDFC Branch 305,Ahmedabad,North,Central
BR0306,HDFC Branch 306,Mumbai,East,East
BR0307,HDFC Branch 307,Ahmedabad,South,Central
BR0308,HDFC Branch 308,Hyderabad,North,East
BR0309,HDFC Branch 309,Pune,South,North
BR0310,HDFC Branch 310,Bengaluru,South,East
BR0311,HDFC Branch 311,Bengaluru,West,North
BR0312,HDFC Branch 312,Ahmedabad,West,Central
BR0313,HDFC Branch 313,Surat,Central,Central
BR0314,HDFC Branch 314,Pune,South,North
BR0315,HDFC Branch 315,Mumbai,South,East
BR0316,HDFC Branch 316,Ahmedabad,East,South
BR0317,HDFC Branch 317,Ahmedabad,South,East
BR0318,HDFC Branch 318,Delhi,West,West
BR0319,HDFC Branch 319,Bengaluru,South,North
BR0320,HDFC Branch 320,Delhi,South,South
BR0321,HDFC Branch 321,Pune,South,North
BR0322,HDFC Branch 322,Bengaluru,East,Central
BR0323,HDFC Branch 323,Surat,South,Central
BR0324,HDFC Branch 324,Bengaluru,West,North
BR0325,HDFC Branch 325,Chennai,East,Central
BR0326,HDFC Branch 326,Mumbai,North,North
BR0327,HDFC Branch 327,Delhi,South,East
BR0328,HDFC Branch 328,Ahmedabad,North,West
BR0329,HDFC Branch 329,Hyderabad,North,South
BR0330,HDFC Branch 330,Hyderabad,South,East
BR0331,HDFC Branch 331,Delhi,Central,Central
BR0332,HDFC Branch 332,Hyderabad,Central,West
BR0333,HDFC Branch 333,Mumbai,Central,East
BR0334,HDFC Branch 334,Mumbai,East,North
BR0335,HDFC Branch 335,Ahmedabad,Central,South
BR0336,HDFC Branch 336,Chennai,South,North
BR0337,HDFC Branch 337,Hyderabad,West,North
BR0338,HDFC Branch 338,Chennai,North,East
BR0339,HDFC Branch 339,Chennai,North,West
BR0340,HDFC Branch 340,Bengaluru,South,South
BR0341,HDFC Branch 341,Pune,East,East
BR0342,HDFC Branch 342,Surat,North,North
BR0343,HDFC Branch 343,Bengaluru,South,South
BR0344,HDFC Branch 344,Ahmedabad,North,Central
BR0345,HDFC Branch 345,Pune,West,South
BR0346,HDFC Branch 346,Hyderabad,West,West
BR0347,HDFC Branch 347,Surat,East,North
BR0348,HDFC Branch 348,Mumbai,West,East
BR0349,HDFC Branch 349,Ahmedabad,East,East
BR0350,HDFC Branch 350,Surat,Central,West
BR0351,HDFC Branch 351,Pune,East,South
BR0352,HDFC Branch 352,Pune,South,Central
BR0353,HDFC Branch 353,Delhi,North,West
BR0354,HDFC Branch 354,Chennai,South,North
BR0355,HDFC Branch 355,Hyderabad,Central,Central
BR0356,HDFC Branch 356,Bengaluru,North,North
BR0357,HDFC Branch 357,Pune,West,Central
BR0358,HDFC Branch 358,Surat,Central,West
BR0359,HDFC Branch 359,Bengaluru,East,Central
BR0360,HDFC Branch 360,Chennai,East,West
BR0361,HDFC Branch 361,Chennai,East,North
BR0362,HDFC Branch 362,Delhi,Central,North
BR0363,HDFC Branch 363,Pune,West,East
BR0364,HDFC Branch 364,Delhi,East,West
BR0365,HDFC Branch 365,Ahmedabad,Central,East
BR0366,HDFC Branch 366,Surat,West,East
BR0367,HDFC Branch 367,Mumbai,South,Central
BR0368,HDFC Branch 368,Mumbai,North,South
BR0369,HDFC Branch 369,Ahmedabad,North,Central
BR0370,HDFC Branch 370,Delhi,North,South
BR0371,HDFC Branch 371,Pune,North,North
BR0372,HDFC Branch 372,Surat,East,East
BR0373,HDFC Branch 373,Ahmedabad,West,North
BR0374,HDFC Branch 374,Delhi,West,North
BR0375,HDFC Branch 375,Chennai,South,East
BR0376,HDFC Branch 376,Surat,North,North
BR0377,HDFC Branch 377,Hyderabad,East,Central
BR0378,HDFC Branch 378,Chennai,South,West
BR0379,HDFC Branch 379,Ahmedabad,North,East
BR0380,HDFC Branch 380,Bengaluru,South,East
BR0381,HDFC Branch 381,Mumbai,East,Central
BR0382,HDFC Branch 382,Delhi,East,Central
BR0383,HDFC Branch 383,Delhi,South,South
BR0384,HDFC Branch 384,Delhi,North,West
BR0385,HDFC Branch 385,Hyderabad,Central,North
BR0386,HDFC Branch 386,Delhi,Central,South
BR0387,HDFC Branch 387,Pune,Central,South
BR0388,HDFC Branch 388,Surat,North,Central
BR0389,HDFC Branch 389,Mumbai,Central,Central
BR0390,HDFC Branch 390,Ahmedabad,South,Central
BR0391,HDFC Branch 391,Bengaluru,East,West
BR0392,HDFC Branch 392,Mumbai,North,North
BR0393,HDFC Branch 393,Surat,East,North
BR0394,HDFC Branch 394,Chennai,West,West
BR0395,HDFC Branch 395,Mumbai,West,Central
BR0396,HDFC Branch 396,Bengaluru,South,South
BR0397,HDFC Branch 397,Hyderabad,North,South
BR0398,HDFC Branch 398,Hyderabad,East,East
BR0399,HDFC Branch 399,Bengaluru,Central,South
BR0400,HDFC Branch 400,Bengaluru,North,East
BR0401,HDFC Branch 401,Chennai,South,East
BR0402,HDFC Branch 402,Hyderabad,West,East
BR0403,HDFC Branch 403,Bengaluru,Central,Central
BR0404,HDFC Branch 404,Ahmedabad,East,West
BR0405,HDFC Branch 405,Mumbai,North,Central
BR0406,HDFC Branch 406,Chennai,South,Central
BR0407,HDFC Branch 407,Chennai,Central,South
BR0408,HDFC Branch 408,Delhi,East,Central
BR0409,HDFC Branch 409,Chennai,East,North
BR0410,HDFC Branch 410,Chennai,North,South
BR0411,HDFC Branch 411,Bengaluru,North,South
BR0412,HDFC Branch 412,Mumbai,East,East
BR0413,HDFC Branch 413,Delhi,South,West
BR0414,HDFC Branch 414,Chennai,South,South
BR0415,HDFC Branch 415,Ahmedabad,South,North
BR0416,HDFC Branch 416,Bengaluru,Central,South
BR0417,HDFC Branch 417,Pune,North,East
BR0418,HDFC Branch 418,Pune,South,West
BR0419,HDFC Branch 419,Hyderabad,East,North
BR0420,HDFC Branch 420,Ahmedabad,South,North
BR0421,HDFC Branch 421,Chennai,West,West
BR0422,HDFC Branch 422,Delhi,East,South
BR0423,HDFC Branch 423,Bengaluru,North,North
BR0424,HDFC Branch 424,Ahmedabad,South,South
BR0425,HDFC Branch 425,Bengaluru,North,North
BR0426,HDFC Branch 426,Surat,North,North
BR0427,HDFC Branch 427,Delhi,North,East
BR0428,HDFC Branch 428,Hyderabad,West,East
BR0429,HDFC Branch 429,Hyderabad,West,East
BR0430,HDFC Branch 430,Chennai,West,Central
BR0431,HDFC Branch 431,Chennai,East,Central
BR0432,HDFC Branch 432,Chennai,North,West
BR0433,HDFC Branch 433,Mumbai,Central,Central
BR0434,HDFC Branch 434,Bengaluru,North,East
BR0435,HDFC Branch 435,Chennai,West,North
BR0436,HDFC Branch 436,Surat,North,West
BR0437,HDFC Branch 437,Chennai,East,South
BR0438,HDFC Branch 438,Surat,East,North
BR0439,HDFC Branch 439,Pune,North,South
BR0440,HDFC Branch 440,Hyderabad,South,South
BR0441,HDFC Branch 441,Delhi,Central,South
BR0442,HDFC Branch 442,Ahmedabad,Central,Central
BR0443,HDFC Branch 443,Pune,South,North
BR0444,HDFC Branch 444,Bengaluru,Central,Central
BR0445,HDFC Branch 445,Chennai,South,West
BR0446,HDFC Branch 446,Delhi,East,West
BR0447,HDFC Branch 447,Ahmedabad,North,South
BR0448,HDFC Branch 448,Delhi,South,East
BR0449,HDFC Branch 449,Surat,East,West
BR0450,HDFC Branch 450,Bengaluru,West,South
BR0451,HDFC Branch 451,Mumbai,North,West
BR0452,HDFC Branch 452,Pune,North,North
BR0453,HDFC Branch 453,Hyderabad,South,East
BR0454,HDFC Branch 454,Pune,South,West
BR0455,HDFC Branch 455,Delhi,North,East
BR0456,HDFC Branch 456,Ahmedabad,North,West
BR0457,HDFC Branch 457,Bengaluru,South,East
BR0458,HDFC Branch 458,Pune,South,North
BR0459,HDFC Branch 459,Bengaluru,Central,Central
BR0460,HDFC Branch 460,Hyderabad,North,West
BR0461,HDFC Branch 461,Bengaluru,East,Central
BR0462,HDFC Branch 462,Hyderabad,East,North
BR0463,HDFC Branch 463,Bengaluru,South,East
BR0464,HDFC Branch 464,Chennai,West,North
BR0465,HDFC Branch 465,Pune,East,East
BR0466,HDFC Branch 466,Hyderabad,West,West
BR0467,HDFC Branch 467,Chennai,East,North
BR0468,HDFC Branch 468,Bengaluru,North,West
BR0469,HDFC Branch 469,Mumbai,North,North
BR0470,HDFC Branch 470,Pune,West,South
BR0471,HDFC Branch 471,Chennai,North,West
BR0472,HDFC Branch 472,Surat,West,East
BR0473,HDFC Branch 473,Surat,South,South
BR0474,HDFC Branch 474,Ahmedabad,East,North
BR0475,HDFC Branch 475,Delhi,West,East
BR0476,HDFC Branch 476,Hyderabad,East,South
BR0477,HDFC Branch 477,Mumbai,East,West
BR0478,HDFC Branch 478,Mumbai,East,Central
BR0479,HDFC Branch 479,Pune,South,West
BR0480,HDFC Branch 480,Pune,East,East
BR0481,HDFC Branch 481,Surat,South,North
BR0482,HDFC Branch 482,Mumbai,East,East
BR0483,HDFC Branch 483,Hyderabad,East,South
BR0484,HDFC Branch 484,Ahmedabad,North,Central
BR0485,HDFC Branch 485,Ahmedabad,Central,West
BR0486,HDFC Branch 486,Bengaluru,North,North
BR0487,HDFC Branch 487,Ahmedabad,North,South
BR0488,HDFC Branch 488,Delhi,North,East
BR0489,HDFC Branch 489,Surat,South,South
BR0490,HDFC Branch 490,Mumbai,South,North
BR0491,HDFC Branch 491,Pune,East,West
BR0492,HDFC Branch 492,Delhi,North,South
BR0493,HDFC Branch 493,Ahmedabad,South,Central
BR0494,HDFC Branch 494,Mumbai,West,East
BR0495,HDFC Branch 495,Surat,East,East
BR0496,HDFC Branch 496,Pune,South,West
BR0497,HDFC Branch 497,Surat,East,East
BR0498,HDFC Branch 498,Bengaluru,East,West
BR0499,HDFC Branch 499,Bengaluru,North,East
BR0500,HDFC Branch 500,Chennai,West,South
